shuttle,pdk,project,repo,tt web link,tt app link,ram macro,comment,tested
tt02,sky130A,jar_sram_top,https://github.com/jar/tt02_sram,https://tinytapeout.com/chips/tt02/jar_sram_top,-,-,synthesized from stdcells,?
tt03p5,sky130A,tt_um_urish_sram_poc,https://github.com/TinyTapeout/tt03p5-sram-poc,https://tinytapeout.com/chips/tt03p5/tt_um_urish_sram_poc,-,sky130_sram_2kbyte_1rw1r_32x512_8,openram (macro outside tile area),?
tt03p5,sky130A,tt_um_urish_dffram,https://github.com/TinyTapeout/tt03p5-dffram,https://tinytapeout.com/chips/tt03p5/tt_um_urish_dffram,-,RAM32,dffram,?
tt05,sky130A,tt_um_urish_dffram,https://github.com/TinyTapeout/tt05-dffram-example,https://tinytapeout.com/chips/tt05/tt_um_urish_dffram,https://app.tinytapeout.com/projects/219,RAM32,dffram,"✅ urish, MichaelBell"
tt06,sky130A,tt_um_urish_dffram,https://github.com/TinyTapeout/tt06-dffram-example,https://tinytapeout.com/chips/tt06/tt_um_urish_dffram,https://app.tinytapeout.com/projects/441,RAM32,dffram,-
tt06,sky130A,tt_um_lisa,https://github.com/kdp1965/tt06-um-lisa,https://tinytapeout.com/chips/tt06/tt_um_lisa,https://app.tinytapeout.com/projects/530,RAM32,dffram,✅ kdp1965
tt06,sky130A,tt_um_ram,https://github.com/asilvaj1/tt06-submission_silva_ram,https://tinytapeout.com/chips/tt06/tt_um_ram,https://app.tinytapeout.com/projects/617,-,synthesized from stdcells,-
tt07,sky130A,tt_um_urish_spell,https://github.com/urish/tt07-spell,https://tinytapeout.com/chips/tt07/tt_um_urish_spell,https://app.tinytapeout.com/projects/733,RAM32 (2 instances),dffram,"✅ urish, MichaelBell"
tt07,sky130A,tt_um_lisa,https://github.com/kdp1965/tt07-um-lisa-ttlc,https://tinytapeout.com/chips/tt07/tt_um_lisa,https://app.tinytapeout.com/projects/747,RAM32,dffram,-
tt07,sky130A,tt_um_8bit_vector_compute_in_SRAM,https://github.com/ramyadhadidi/tt07-8bit-vector-compute-in-SRAM,https://tinytapeout.com/chips/tt07/tt_um_8bit_vector_compute_in_SRAM,https://app.tinytapeout.com/projects/722,-,synthesized from stdcells,-
ttihp0p2,ihp-sg13g2,tt_um_urish_sram_test,https://github.com/urish/ttihp-sram-test,https://tinytapeout.com/chips/ttihp0p2/tt_um_urish_sram_test,https://app.tinytapeout.com/projects/1077,RM_IHPSG13_1P_1024x8_c2_bm_bist,ihp foundry sram,✅ mattvenn
tt09,sky130A,tt_um_kmakise_sram,https://github.com/FriedrichWu/tt09-sram,https://tinytapeout.com/chips/tt09/tt_um_kmakise_sram,https://app.tinytapeout.com/projects/1090,myconfig_sky_dual,openram 32x16,✅ smunaut
tt09,sky130A,tt_um_dlmiles_dffram32x8_2r1w,https://github.com/dlmiles/tt09-dffram-2r1w,https://tinytapeout.com/chips/tt09/tt_um_dlmiles_dffram32x8_2r1w,https://app.tinytapeout.com/projects/1370,-,synthesized from stdcells,-
ttcad25a,sky130A,tt_um_tnt_rf_yolo_test,https://github.com/smunaut/ttcad25a-rf-yolo-test,https://tinytapeout.com/chips/ttcad25a/tt_um_tnt_rf_yolo_test,https://app.tinytapeout.com/projects/2562,tt_um_tnt_rf_yolo_test,Sylvain’s register file,-
ttihp25a,ihp-sg13g2,tt_um_dlmiles_dffram32x8_2r1w,https://github.com/dlmiles/tt09-dffram-2r1w,https://tinytapeout.com/chips/ttihp25a/tt_um_dlmiles_dffram32x8_2r1w,https://app.tinytapeout.com/projects/1830,-,synthesized from stdcells,-
ttsky25a,sky130A,tt_um_openram_top,https://github.com/VLSIDA/tt25a_openram_testchip,https://tinytapeout.com/chips/ttsky25a/tt_um_openram_top,https://app.tinytapeout.com/projects/2830,sky130_sram_1rw_tiny,openram,-
ttsky25a,sky130A,tt_um_mbist,https://github.com/RVCE-ECE/TT10_MBIST,https://tinytapeout.com/chips/ttsky25a/tt_um_mbist,https://app.tinytapeout.com/projects/2716,-,synthesized from stdcells,-
ttsky25a,sky130A,tt_um_tnt_rf_test,https://github.com/smunaut/ttsky25a-rf-test,https://tinytapeout.com/chips/ttsky25a/tt_um_tnt_rf_test,https://app.tinytapeout.com/projects/2941,top,Sylvain’s register file,✅ smunaut
ttsky25a,sky130A,tt_um_rebelmike_register,https://github.com/MichaelBell/ttsky25a-registers,https://tinytapeout.com/chips/ttsky25a/tt_um_rebelmike_register,https://app.tinytapeout.com/projects/2997,register8,custom dffram-like mini register file,-
ttsky25b,sky130A,tt_um_dlmiles_dffram32x8_2r1w,https://github.com/dlmiles/tt09-dffram-2r1w,https://tinytapeout.com/chips/ttsky25b/tt_um_dlmiles_dffram32x8_2r1w,https://app.tinytapeout.com/projects/3401,-,synthesized from stdcells,-
ttsky25b,sky130A,tt_um_tnt_rf_test,https://github.com/smunaut/ttsky25a-rf-test,https://tinytapeout.com/chips/ttsky25b/tt_um_tnt_rf_test,https://app.tinytapeout.com/projects/3011,top,Sylvain’s register file,-
ttsky25b,sky130A,tt_um_tnt_rf_validation,https://github.com/smunaut/ttsky25b-rf-validation,https://tinytapeout.com/chips/ttsky25b/tt_um_tnt_rf_validation,https://app.tinytapeout.com/projects/3232,rf_top,Sylvain’s register file,-
ttsky25b,sky130A,tt_um_rebelmike_femtorv,https://github.com/MichaelBell/ttsky25b-femtorv-soc,https://tinytapeout.com/chips/ttsky25b/tt_um_rebelmike_femtorv,https://app.tinytapeout.com/projects/3226,rf_top,Sylvain’s register file,✅ smunaut
ttsky25b,sky130A,tt_um_urish_sic1,https://github.com/urish/tt-subleq-sic1,https://tinytapeout.com/chips/ttsky25b/tt_um_urish_sic1,https://app.tinytapeout.com/projects/3312,rf_top (2 instances),Sylvain’s register file,✅ smunaut
ttsky25b,sky130A,tt_um_urish_spell,https://github.com/urish/tt-spell,https://tinytapeout.com/chips/ttsky25b/tt_um_urish_spell,https://app.tinytapeout.com/projects/3372,rf_top (2 instances),Sylvain’s register file,✅ smunaut
ttsky25b,sky130A,tt_um_kianv_rv32_regfile,https://github.com/TinyTapeout/ttsky25b-kianv-linux-soc-with-regfile,https://tinytapeout.com/chips/ttsky25b/tt_um_kianv_rv32_regfile,https://app.tinytapeout.com/projects/3376,rf_top,Sylvain’s register file,🟡 smunaut
ttihp26a,ihp-sg13g2,tt_um_tinymoa_ihp26a,https://github.com/EzraWolf/TinyMOA-IHP26a,https://tinytapeout.com/chips/ttihp26a/tt_um_tinymoa_ihp26a,https://app.tinytapeout.com/projects/3654,RM_IHPSG13_2P_512x32_c2_bm_bist,ihp foundry sram,waiting for chips
ttihp26a,ihp-sg13g2,tt_um_kianv_sv32_soc,https://github.com/splinedrive/kianv-sv32-tt-linux-soc,https://tinytapeout.com/chips/ttihp26a/tt_um_kianv_sv32_soc,https://app.tinytapeout.com/projects/3999,RM_IHPSG13_1P_512x64_c2_bm_bist (2 instances),ihp foundry sram,waiting for chips
ttsky26a,sky130A,tt_um_c4m_spsram_direct,https://github.com/FibraServi/TTSKY_SPSRAM_direct,https://tinytapeout.com/chips/ttsky26a/tt_um_c4m_spsram_direct,https://app.tinytapeout.com/projects/4353,SP6TSRAM128x8,Staf's sram (sky),waiting for chips
ttsky26b,sky130A,tt_um_c4m_legacyspsram_direct,https://github.com/FibraServiTT/TTSKY_SPSRAM_legacy_direct,https://tinytapeout.com/chips/ttsky26b/tt_um_c4m_legacyspsram_direct,https://app.tinytapeout.com/projects/4768,SP6TSRAM128x8,Staf's sram (sky) (legacy bit cell),waiting for chips
ttsky26b,sky130A,tt_um_c4m_spsram_direct,https://github.com/FibraServi/TTSKY_SPSRAM_direct,https://tinytapeout.com/chips/ttsky26b/tt_um_c4m_spsram_direct,https://app.tinytapeout.com/projects/4354,SP6TSRAM128x8,Staf's sram (sky),waiting for chips
ttsky26b,sky130A,tt_um_c4m_spsram_direct_librelane,https://github.com/FibraServiTT/TTSKY_SPSRAM_direct_librelane,https://tinytapeout.com/chips/ttsky26b/tt_um_c4m_spsram_direct_librelane,https://app.tinytapeout.com/projects/4925,SP6TSRAM128x8,Staf's sram (sky),waiting for chips
ttgf26a,gf180mcuD,tt_um_kluterirv_rv32e_core,https://github.com/KLuterIRV/INNOVA-IRV-ULP-RISCV,https://tinytapeout.com/chips/ttgf26a/tt_um_kluterirv_rv32e_core,https://app.tinytapeout.com/projects/5118,gf180mcu_fd_ip_sram__sram128x8m8wm1 (2 instances),gf180 foundry sram,waiting for chips
ttgf26b,gf180mcuD,tt_um_arrakeen_spsram_direct,https://github.com/FibraServiTT/TTGF26b_Arrakeen_SPSRAM_direct,https://tinytapeout.com/chips/ttgf26b/tt_um_arrakeen_spsram_direct,https://app.tinytapeout.com/projects/5141,SP6TSRAM128x8,Staf's sram (gf),waiting for chips
ttgf26b,gf180mcuD,tt_um_arrakeen_spsram_direct_5v,https://github.com/FibraServiTT/TTGF26b_Arrakeen_SPSRAM_direct_5V,https://tinytapeout.com/chips/ttgf26b/tt_um_arrakeen_spsram_direct_5v,https://app.tinytapeout.com/projects/5218,SP6TSRAM128x8,Staf's sram (gf),waiting for chips
ttgf26b,gf180mcuD,tt_um_arrakeen_spsram_direct_sramrules,https://github.com/FibraServiTT/TTGF26b_Arrakeen_SPSRAM_direct_sramrules,https://tinytapeout.com/chips/ttgf26b/tt_um_arrakeen_spsram_direct_sramrules,https://app.tinytapeout.com/projects/5217,SP6TSRAM128x8,Staf's sram (gf),waiting for chips
ttgf0p3,gf180mcuD,tt_um_essen,https://github.com/Essenceia/tt_gf_ocd_sram_test,https://tinytapeout.com/chips/ttgf0p3/tt_um_essen,https://app.tinytapeout.com/projects/5170,gf180mcu_ocd_ip_sram__sram256x8m8wm1,Tim Edwards’ sram,waiting for chips
ttsky26c,sky130A,tt_um_vedam_dual_port_ram,https://github.com/yoyo1203/Dual-Port-Ram,-,https://app.tinytapeout.com/projects/5304,-,synthesized from stdcells,shuttle still open